# Acuerdo IRR, experimento concordancia-50-v1, corte 2026-09-15
# Fuente: panel de administracion, pestana Acuerdo IRR (43 epicrisis solapadas, k promedio 0.72, 222 criterios)
# Solo anotaciones enviadas; k usa frecuencias marginales observadas por par. Comparaciones=17 en todos.
# criterio	acuerdo_pct	kappa
falla.otra	82	-0.59
complicaciones.debilidad_adquirida	82	-0.09
falla.neurologica	82	-0.09
ingreso.diagnostico	82	-0.09
antecedentes.hepatico_digestivo.trasplante_hepatico	88	-0.06
antecedentes.pulmonar	88	-0.06
infecciones.focos.otro	88	-0.06
infecciones.focos.otro.agente	88	-0.06
infecciones.focos.otro.tratamiento	88	-0.06
soporte.respiratorio.bloqueo_neuromuscular	88	-0.06
infecciones.focos.respiratorio	47	-0.04
antecedentes.habitos.alcohol.carga	94	0.00
antecedentes.psiquiatrico.uso_cronico_psicofarmacos	94	0.00
antecedentes.pulmonar.otra_respiratoria	94	0.00
falla.puntaje_gravedad	94	0.00
infecciones.focos.cardiovascular_endocarditis	94	0.00
infecciones.focos.piel_blandas.agente	88	0.00
infecciones.focos.sistema_nervioso	94	0.00
infecciones.focos.sistema_nervioso.tratamiento	94	0.00
infecciones.focos.urinario.agente	94	0.00
ingreso	94	0.00
soporte	88	0.00
soporte.hemodinamico.corticoides_shock	94	0.00
soporte.hemodinamico.otro	94	0.00
soporte.hemodinamico.soporte_circulatorio_mecanico	94	0.00
soporte.hfav	94	0.00
soporte.intervenciones.endoscopico	94	0.00
soporte.renal.otro	82	0.00
soporte.renal.trr_continua	94	0.00
soporte.respiratorio.bloqueo_neuromuscular.mas_de_un_ciclo	94	0.00
soporte.transfusion.masiva	94	0.00
complicaciones.otra	59	0.06
infecciones.focos.respiratorio.iaas	65	0.10
falla.hematologica	65	0.16
infecciones.focos	65	0.24
complicaciones.delirium	88	0.28
infecciones.focos.cateter.tratamiento	82	0.30
infecciones.focos.respiratorio.tratamiento	71	0.30
soporte.transfusion.tipo	71	0.33
antecedentes.quirurgicos	82	0.34
infecciones	71	0.35
infecciones.estadia_upc	71	0.35
soporte.reanimacion.fecha_disponible	82	0.39
antecedentes.habitos.alcohol	82	0.41
infecciones.focos.piel_blandas.tratamiento	88	0.43
soporte.intervenciones.quirurgico	76	0.44
complicaciones.lesiones_presion	82	0.46
soporte.intervenciones	71	0.46
antecedentes.dependencia_funcional	94	0.47
antecedentes.hepatico_digestivo.otra_hepatica_digestiva	94	0.47
infecciones.focos.urinario	94	0.47
soporte.reanimacion.requirio_desfibrilacion	94	0.47
soporte.transfusion	76	0.48
falla.respiratoria	76	0.49
infecciones.sepsis	76	0.52
antecedentes.habitos.tabaquismo	88	0.53
complicaciones	76	0.53
infecciones.focos.respiratorio.agente	82	0.55
soporte.renal	82	0.58
egreso.reingreso_upc	88	0.60
falla	88	0.60
falla.hepatica	88	0.60
infecciones.focos.cateter	88	0.60
infecciones.focos.cateter.agente	88	0.60
antecedentes.habitos	82	0.61
antecedentes.hepatico_digestivo.cirrosis.complicada	94	0.64
antecedentes.inmunologico_reumatologico.autoinmune_tratamiento	94	0.64
antecedentes.metabolico_endocrino.hipotiroidismo	94	0.64
antecedentes.neurologico	94	0.64
antecedentes.neurologico.secuela_neurologica	94	0.64
falla.multiorganica	82	0.64
infecciones.focos.digestivo_biliar.agente	94	0.64
infecciones.focos.digestivo_biliar.tratamiento	94	0.64
soporte.intervenciones.otro	94	0.64
soporte.respiratorio.vmi.mas_de_un_ciclo	94	0.64
soporte.sedoanalgesia_continua	88	0.64
antecedentes.metabolico_endocrino.obesidad	88	0.67
soporte.respiratorio	88	0.70
antecedentes.habitos.otras_sustancias	94	0.72
antecedentes.metabolico_endocrino.dislipidemia	94	0.72
infecciones.focos.digestivo_biliar	94	0.72
antecedentes.cardiovascular	88	0.76
antecedentes.cardiovascular.hipertension_arterial	88	0.76
antecedentes.cardiovascular.arritmia_cronica	94	0.77
antecedentes.hepatico_digestivo.cirrosis	94	0.77
antecedentes.inmunologico_reumatologico	94	0.77
antecedentes.metabolico_endocrino.otra_metabolica_endocrina	94	0.77
falla.renal_aguda	88	0.77
infecciones.focos.cateter.iaas	94	0.77
infecciones.focos.no_identificado	94	0.77
soporte.renal.hemodialisis_aguda	94	0.77
antecedentes.cardiovascular.enfermedad_coronaria	94	0.82
antecedentes.hepatico_digestivo	94	0.82
antecedentes.otro_antecedente_medico	94	0.82
infecciones.focos.piel_blandas	94	0.82
soporte.respiratorio.traqueostomia	94	0.82
soporte.reanimacion.retorno_circulacion	94	0.85
soporte.hemodinamico	94	0.87
soporte.hemodinamico.drogas_vasoactivas	94	0.87
soporte.reanimacion	94	0.87
soporte.respiratorio.vmi	94	0.87
antecedentes.metabolico_endocrino	94	0.88
antecedentes.metabolico_endocrino.diabetes_mellitus	94	0.88
antecedentes.metabolico_endocrino.diabetes_mellitus.tipo_2	94	0.88
antecedentes	100	1.00
antecedentes.alergias	100	1.00
antecedentes.cardiovascular.accidente_cerebrovascular_previo	100	1.00
antecedentes.cardiovascular.dispositivo_cardiaco	100	1.00
antecedentes.cardiovascular.enfermedad_vascular_periferica	100	1.00
antecedentes.cardiovascular.hipertension_pulmonar	100	1.00
antecedentes.cardiovascular.insuficiencia_cardiaca	100	1.00
antecedentes.cardiovascular.otra_cardiovascular	82	1.00
antecedentes.cardiovascular.valvulopatia_significativa	100	1.00
antecedentes.habitos.tabaquismo.carga	100	1.00
antecedentes.hepatico_digestivo.enfermedad_inflamatoria_intestinal	100	1.00
antecedentes.infeccioso	100	1.00
antecedentes.infeccioso.hepatitis_viral_cronica	100	1.00
antecedentes.infeccioso.otra_infeccion_cronica	100	1.00
antecedentes.infeccioso.tuberculosis	100	1.00
antecedentes.infeccioso.tuberculosis.activa	100	1.00
antecedentes.infeccioso.vih	100	1.00
antecedentes.inmunologico_reumatologico.inmunosupresion_cronica	100	1.00
antecedentes.inmunologico_reumatologico.otra_inmunologica_reumatologica	100	1.00
antecedentes.inmunologico_reumatologico.trasplante_organo_solido_otro	100	1.00
antecedentes.medicos	100	1.00
antecedentes.metabolico_endocrino.diabetes_mellitus.complicada	100	1.00
antecedentes.metabolico_endocrino.diabetes_mellitus.no_especificada	100	1.00
antecedentes.metabolico_endocrino.diabetes_mellitus.tipo_1	100	1.00
antecedentes.neurologico.demencia	100	1.00
antecedentes.neurologico.epilepsia	100	1.00
antecedentes.neurologico.otra_neurologica	100	1.00
antecedentes.neurologico.parkinson	100	1.00
antecedentes.oncologico_hematologico	100	1.00
antecedentes.oncologico_hematologico.enfermedad_tromboembolica	100	1.00
antecedentes.oncologico_hematologico.neoplasia_hematologica_activa	100	1.00
antecedentes.oncologico_hematologico.neoplasia_solida_activa	100	1.00
antecedentes.oncologico_hematologico.otra_oncologica_hematologica	100	1.00
antecedentes.oncologico_hematologico.trasplante_progenitores_previo	100	1.00
antecedentes.psiquiatrico	100	1.00
antecedentes.psiquiatrico.ansiedad	100	1.00
antecedentes.psiquiatrico.depresion	94	1.00
antecedentes.psiquiatrico.esquizofrenia_otro_psicotico	100	1.00
antecedentes.psiquiatrico.intento_suicidio_previo	100	1.00
antecedentes.psiquiatrico.otra_psiquiatrica	100	1.00
antecedentes.psiquiatrico.trastorno_bipolar	100	1.00
antecedentes.psiquiatrico.trastorno_consumo_sustancias	100	1.00
antecedentes.psiquiatrico.trastorno_personalidad	94	1.00
antecedentes.pulmonar.asma	100	1.00
antecedentes.pulmonar.enfermedad_pulmonar_intersticial_difusa	100	1.00
antecedentes.pulmonar.epoc	100	1.00
antecedentes.pulmonar.oxigeno_domiciliario	100	1.00
antecedentes.pulmonar.sindrome_apnea_hipopnea_obstructiva	100	1.00
antecedentes.renal	100	1.00
antecedentes.renal.enfermedad_renal_cronica	100	1.00
antecedentes.renal.otra_renal	100	1.00
antecedentes.renal.terapia_dialitica_cronica	100	1.00
antecedentes.renal.trasplante_renal_previo	100	1.00
calidad	100	1.00
calidad.comentario	100	1.00
calidad.global	100	1.00
complicaciones.desnutricion	100	1.00
complicaciones.disfagia	94	1.00
complicaciones.paciente_critico_cronico	100	1.00
egreso	100	1.00
egreso.destino	100	1.00
egreso.diagnostico	100	1.00
egreso.estado_vital	100	1.00
egreso.fecha_egreso_upc	100	1.00
falla.hemodinamica	100	1.00
hospitalizacion	100	1.00
hospitalizacion.fecha_egreso	100	1.00
hospitalizacion.fecha_ingreso	100	1.00
infecciones.focos.cardiovascular_endocarditis.agente	100	1.00
infecciones.focos.cardiovascular_endocarditis.iaas	100	1.00
infecciones.focos.cardiovascular_endocarditis.tratamiento	100	1.00
infecciones.focos.herida_sitio_quirurgico	100	1.00
infecciones.focos.herida_sitio_quirurgico.agente	100	1.00
infecciones.focos.herida_sitio_quirurgico.tratamiento	100	1.00
infecciones.focos.no_identificado.agente	100	1.00
infecciones.focos.no_identificado.iaas	100	1.00
infecciones.focos.no_identificado.tratamiento	100	1.00
infecciones.focos.osteoarticular	94	1.00
infecciones.focos.osteoarticular.agente	100	1.00
infecciones.focos.osteoarticular.tratamiento	100	1.00
infecciones.focos.otro.iaas	100	1.00
infecciones.focos.piel_blandas.iaas	100	1.00
infecciones.focos.sistema_nervioso.agente	100	1.00
infecciones.focos.urinario.iaas	94	1.00
infecciones.focos.urinario.tratamiento	100	1.00
ingreso.diagnostico.otros	100	1.00
ingreso.diagnostico.principal	100	1.00
ingreso.fecha_ingreso_upc	100	1.00
ingreso.unidad_origen	100	1.00
soporte.circulacion_extracorporea	100	1.00
soporte.hemodinamico.inotropicos	100	1.00
soporte.hfav.motivo	100	1.00
soporte.intervenciones.cardiologico	100	1.00
soporte.intervenciones.reperfusion	100	1.00
soporte.otros_avanzados	100	1.00
soporte.otros_avanzados.hemoadsorcion	100	1.00
soporte.otros_avanzados.hipotermia_terapeutica	100	1.00
soporte.otros_avanzados.insulina_infusion	100	1.00
soporte.otros_avanzados.otro	100	1.00
soporte.otros_avanzados.recambio_plasmatico	100	1.00
soporte.otros_avanzados.soporte_hepatico	100	1.00
soporte.reanimacion.causa_paro	100	1.00
soporte.reanimacion.duracion_ciclos	100	1.00
soporte.reanimacion.ritmo_inicial	100	1.00
soporte.renal.dialisis_peritoneal_aguda	100	1.00
soporte.renal.ultrafiltracion_aislada	100	1.00
soporte.respiratorio.bloqueo_neuromuscular.fecha_inicio	100	1.00
soporte.respiratorio.bloqueo_neuromuscular.fecha_termino	100	1.00
soporte.respiratorio.prono	100	1.00
soporte.respiratorio.prono.fecha_inicio	100	1.00
soporte.respiratorio.prono.fecha_termino	100	1.00
soporte.respiratorio.prono.mas_de_un_ciclo	100	1.00
soporte.respiratorio.traqueostomia.fecha_realizacion	100	1.00
soporte.respiratorio.traqueostomia.motivo	100	1.00
soporte.respiratorio.vmi.fecha_inicio	100	1.00
soporte.respiratorio.vmi.fecha_termino	100	1.00
soporte.respiratorio.vmi.motivo	100	1.00
soporte.respiratorio.vmni	100	1.00
